{"chunk_definitions":[{"row":14,"row_count":1,"visible":true,"expansion_state":0,"options":{"engine":"r","label":"setup","include":false},"document_id":"79FBCCAD","chunk_id":"csetup_chunk","chunk_label":"setup"},{"row":48,"row_count":1,"visible":true,"expansion_state":0,"options":{"engine":"r","label":"simulate Data","message":false,"warning":false},"document_id":"79FBCCAD","chunk_id":"c289sh8g4whew","chunk_label":"simulate Data"},{"row":75,"row_count":1,"visible":true,"expansion_state":0,"options":{"engine":"r","label":"aggregate","warning":false},"document_id":"79FBCCAD","chunk_id":"cw28ez7tbm3i9","chunk_label":"aggregate"},{"row":85,"row_count":1,"visible":true,"expansion_state":0,"options":{"engine":"r","label":"lmmr rand int","warning":false},"document_id":"79FBCCAD","chunk_id":"cz0ugldvrp0ix","chunk_label":"lmmr rand int"},{"row":103,"row_count":1,"visible":true,"expansion_state":0,"options":{"engine":"r","label":"sim based test"},"document_id":"79FBCCAD","chunk_id":"cwvugurlmdyp1","chunk_label":"sim based test"}],"doc_write_time":1615046450,"working_dir":null,"default_chunk_options":{"echo":true}}