{"working_dir":null,"default_chunk_options":{"echo":true},"chunk_definitions":[{"row":13,"row_count":1,"visible":true,"expansion_state":0,"options":{"engine":"r","label":"setup","include":false},"document_id":"79FBCCAD","chunk_id":"csetup_chunk","chunk_label":"setup"},{"row":25,"row_count":1,"visible":true,"expansion_state":0,"options":{"engine":"r","label":"load packages","message":false,"warning":false,"paged.print":false},"document_id":"79FBCCAD","chunk_id":"c2w3yqwx1rxz3","chunk_label":"load packages"},{"row":46,"row_count":1,"visible":true,"expansion_state":0,"options":{"engine":"r","label":"simulate Data","message":false,"warning":false},"document_id":"79FBCCAD","chunk_id":"c289sh8g4whew","chunk_label":"simulate Data"},{"row":68,"row_count":1,"visible":true,"expansion_state":0,"options":{"engine":"r","label":"aggregate","warning":false},"document_id":"79FBCCAD","chunk_id":"cw28ez7tbm3i9","chunk_label":"aggregate"},{"row":78,"row_count":1,"visible":true,"expansion_state":0,"options":{"engine":"r","label":"linear mixed","warning":false},"document_id":"79FBCCAD","chunk_id":"cz0ugldvrp0ix","chunk_label":"linear mixed rand int"},{"row":94,"row_count":1,"visible":true,"expansion_state":0,"options":{"engine":"r","label":"rand int test sig","warning":false},"document_id":"79FBCCAD","chunk_id":"cflxd9qgdhkc4","chunk_label":"rand int test sig"}],"doc_write_time":1615046436}