{"chunk_definitions":[{"row":13,"row_count":1,"visible":true,"expansion_state":0,"options":{"engine":"r","label":"setup","include":false},"document_id":"79FBCCAD","chunk_id":"csetup_chunk","chunk_label":"setup"},{"row":20,"row_count":1,"visible":true,"expansion_state":0,"options":{"engine":"r","label":"load packages","message":false,"warning":false,"paged.print":false},"document_id":"79FBCCAD","chunk_id":"cz9yg5myrq6k0","chunk_label":"load packages"}],"doc_write_time":1615019295,"working_dir":null,"default_chunk_options":{"echo":true}}