"0","# set.seed"
"0","set.seed(1234)"
"0","df<-my_sim_data(   "
"0","  SubN = 30,"
"0","  beta_0 = 0.60, # grand mean (fixed intercept)"
"0","  PEmean = 0.30,# PEmean"
"0","  beta_PE = 1.28, # effect of PE (fixed slope)"
"0","  n_items = 300, # number of trials"
"0","  tau_0 = 1.80, # by-subject random intercept sd .Check if it is sd, because than it will be squared into variance"
"0","  tau_1 = 2.50, # by-subject random slope sd"
"0","  rho = 0.3, # correlation between intercept and slope"
"0","  sigma = 0.3, # residual standard deviation"
"0","  RTorACC = 1 # Reaction times or accuracy (1 = RT, 2 = accuracy)"
"0","  )"
"0",""
"0","# show first row of simulated data"
"0","head(df)"
