{"chunk_definitions":[{"row":14,"row_count":1,"visible":true,"expansion_state":0,"options":{"engine":"r","label":"setup","include":false},"document_id":"79FBCCAD","chunk_id":"csetup_chunk","chunk_label":"setup"},{"row":26,"row_count":1,"visible":true,"expansion_state":0,"options":{"engine":"r","label":"load packages","message":false,"warning":false,"paged.print":false},"document_id":"79FBCCAD","chunk_id":"cdbqry5vdehci","chunk_label":"load packages"},{"row":48,"row_count":1,"visible":true,"expansion_state":0,"options":{"engine":"r","label":"simulate Data"},"document_id":"79FBCCAD","chunk_id":"c289sh8g4whew","chunk_label":"simulate Data"},{"row":75,"row_count":1,"visible":true,"expansion_state":0,"options":{"engine":"r","label":"aggregate"},"document_id":"79FBCCAD","chunk_id":"cw28ez7tbm3i9","chunk_label":"aggregate"},{"row":85,"row_count":1,"visible":true,"expansion_state":0,"options":{"engine":"r","label":"lmmr rand int"},"document_id":"79FBCCAD","chunk_id":"cz0ugldvrp0ix","chunk_label":"lmmr rand int"},{"row":96,"row_count":1,"visible":true,"expansion_state":0,"options":{"engine":"r","label":"rand int test sig"},"document_id":"79FBCCAD","chunk_id":"c7e4nykolycms","chunk_label":"rand int test sig"},{"row":103,"row_count":1,"visible":true,"expansion_state":0,"options":{"engine":"r","label":"sim based test"},"document_id":"79FBCCAD","chunk_id":"cwvugurlmdyp1","chunk_label":"sim based test"},{"row":123,"row_count":1,"visible":true,"expansion_state":0,"options":{"engine":"r","label":"maximal"},"document_id":"79FBCCAD","chunk_id":"c3kne0vmg518d","chunk_label":"maximal"}],"doc_write_time":1615308221}