{"chunk_definitions":[{"row":14,"row_count":1,"visible":true,"expansion_state":0,"options":{"engine":"r","label":"setup","include":false},"document_id":"79FBCCAD","chunk_id":"csetup_chunk","chunk_label":"setup"},{"row":26,"row_count":1,"visible":true,"expansion_state":0,"options":{"engine":"r","label":"load packages","message":false,"warning":false,"paged.print":false},"document_id":"79FBCCAD","chunk_id":"cdbqry5vdehci","chunk_label":"load packages"},{"row":48,"row_count":1,"visible":true,"expansion_state":0,"options":{"engine":"r","label":"simulate Data"},"document_id":"79FBCCAD","chunk_id":"c289sh8g4whew","chunk_label":"simulate Data"},{"row":72,"row_count":1,"visible":true,"expansion_state":0,"options":{"engine":"r","label":"aggregate"},"document_id":"79FBCCAD","chunk_id":"cw28ez7tbm3i9","chunk_label":"aggregate"},{"row":87,"row_count":1,"visible":true,"expansion_state":0,"options":{"engine":"r","label":"lmmr rand int"},"document_id":"79FBCCAD","chunk_id":"cz0ugldvrp0ix","chunk_label":"lmmr rand int"},{"row":100,"row_count":1,"visible":true,"expansion_state":0,"options":{"engine":"r","label":"rand int test sig"},"document_id":"79FBCCAD","chunk_id":"cetdzax4d3sh4","chunk_label":"rand int test sig"},{"row":107,"row_count":1,"visible":true,"expansion_state":0,"options":{"engine":"r","label":"sim based test"},"document_id":"79FBCCAD","chunk_id":"cb1x920dg86ym","chunk_label":"sim based test"},{"row":123,"row_count":1,"visible":true,"expansion_state":0,"options":{"engine":"r","label":"maximal"},"document_id":"79FBCCAD","chunk_id":"ctqkmgoaen59x","chunk_label":"maximal"},{"row":156,"row_count":1,"visible":true,"expansion_state":0,"options":{"engine":"r","label":"centering"},"document_id":"79FBCCAD","chunk_id":"cb6pgnd7x9ktx","chunk_label":"centering"}],"doc_write_time":1615389854,"chunk_rendered_width":700,"working_dir":null,"default_chunk_options":{"echo":true}}