{"chunk_definitions":[{"row":13,"row_count":1,"visible":true,"expansion_state":0,"options":{"engine":"r","label":"setup","include":false},"document_id":"79FBCCAD","chunk_id":"csetup_chunk","chunk_label":"setup"},{"row":22,"row_count":1,"visible":true,"expansion_state":0,"options":{"engine":"r","label":"load packages","message":false,"warning":false,"paged.print":false},"document_id":"79FBCCAD","chunk_id":"c6qobzzu2ghjg","chunk_label":"load packages"},{"row":43,"row_count":1,"visible":true,"expansion_state":0,"options":{"engine":"r","label":"simulate Data","message":false,"warning":false},"document_id":"79FBCCAD","chunk_id":"c8s6ix2yb0wgg","chunk_label":"simulate Data"},{"row":65,"row_count":1,"visible":true,"expansion_state":0,"options":{"engine":"r","label":"aggregate","warning":false},"document_id":"79FBCCAD","chunk_id":"cvi5g06t0jdkj","chunk_label":"aggregate"},{"row":89,"row_count":1,"visible":true,"expansion_state":0,"options":{"engine":"r","label":"linear mixed","warning":false},"document_id":"79FBCCAD","chunk_id":"cc1vtg5hekg8x","chunk_label":"linear mixed"}],"doc_write_time":1615036240}